{
  "id": "/subscriptions/ca3c5d4d-0db2-42e2-8407-e0d2f2723262/resourceGroups/dogan/providers/Microsoft.Resources/deployments/OpenAICreate-20250815035828",
  "name": "OpenAICreate-20250815035828",
  "type": "Microsoft.Resources/deployments",
  "properties": {
    "templateHash": "7207022419077968603",
    "parameters": {
      "name": {
        "type": "String",
        "value": "Doga-Ai"
      },
      "location": {
        "type": "String",
        "value": "eastus"
      },
      "sku": {
        "type": "String",
        "value": "S0"
      },
      "tagValues": {
        "type": "Object",
        "value": {
          "Microsoft.CognitiveServices/accounts": {
            "ms-resource-usage": "azure-cloud-shell"
          }
        }
      },
      "virtualNetworkType": {
        "type": "String",
        "value": "None"
      },
      "vnet": {
        "type": "Object",
        "value": {}
      },
      "ipRules": {
        "type": "Array",
        "value": []
      },
      "privateEndpoints": {
        "type": "Array",
        "value": []
      },
      "privateDnsZone": {
        "type": "String",
        "value": "privatelink.openai.azure.com"
      },
      "resourceGroupName": {
        "type": "String",
        "value": "dogan"
      },
      "resourceGroupId": {
        "type": "String",
        "value": "/subscriptions/ca3c5d4d-0db2-42e2-8407-e0d2f2723262/resourceGroups/dogan"
      },
      "uniqueId": {
        "type": "String",
        "value": "489c177c-5149-4b30-833b-8c795a1c9c58"
      }
    },
    "mode": "Incremental",
    "debugSetting": {
      "detailLevel": "None"
    },
    "provisioningState": "Running",
    "timestamp": "2025-08-15T00:59:29.6966537Z",
    "duration": "PT1.9623581S",
    "correlationId": "b88806c6-70be-45fa-a7a6-1c6b98db9a4f",
    "providers": [
      {
        "namespace": "Microsoft.CognitiveServices",
        "resourceTypes": [
          {
            "resourceType": "accounts",
            "locations": [
              "eastus"
            ]
          }
        ]
      }
    ],
    "dependencies": [],
    "validationLevel": "Template"
  },
  "tags": {
    "primaryResourceId": "/subscriptions/ca3c5d4d-0db2-42e2-8407-e0d2f2723262/resourceGroups/dogan/providers/Microsoft.CognitiveServices/accounts/Doga-Ai"
  }
}